ESW-476,
ESW-475,
ESW-474,
ESW-472,
ESW-469,
ESW-464,
ESW-463,
ESW-462,REQ-2-ESW-1305
ESW-461,REQ-2-ESW-1305
ESW-460,REQ-2-ESW-1305
ESW-459,REQ-2-ESW-1305
ESW-458,REQ-2-ESW-1305
ESW-457,REQ-2-ESW-1300
ESW-456,REQ-2-ESW-1300
ESW-455,REQ-2-ESW-1300
ESW-454,REQ-2-ESW-1300
ESW-453,REQ-2-ESW-1300
ESW-452,REQ-2-ESW-1300
ESW-451,REQ-2-ESW-1300
ESW-450,REQ-2-ESW-1300
ESW-449,REQ-2-ESW-1295
ESW-448,REQ-2-ESW-1295
ESW-447,REQ-2-ESW-1295
ESW-446,REQ-2-ESW-1295
ESW-445,REQ-2-ESW-1295
ESW-444,REQ-2-ESW-1295
ESW-443,REQ-2-ESW-1295
ESW-442,REQ-2-ESW-1295
ESW-441,REQ-2-ESW-1295
ESW-440,REQ-2-ESW-1295
ESW-438,
ESW-437,
ESW-435,REQ-2-ESW-1295
ESW-431,
ESW-420,
ESW-419,
ESW-356,
ESW-346,
ESW-345,
ESW-344,
ESW-343,REQ-2-ESW-1550
ESW-342,
ESW-341,
ESW-340,
ESW-339,REQ-2-ESW-1550
ESW-338,
ESW-337,
ESW-336,
ESW-335,
ESW-332,REQ-2-ESW-1285
ESW-331,
ESW-330,REQ-2-ESW-1550
ESW-329,REQ-2-ESW-1270
ESW-328,
ESW-327,REQ-2-ESW-1270
ESW-326,REQ-2-ESW-1270
ESW-325,
ESW-324,REQ-2-ESW-1270
ESW-323,
ESW-322,REQ-2-ESW-1550
ESW-321,REQ-2-ESW-1550
ESW-320,REQ-2-ESW-1550
ESW-319,REQ-2-ESW-1550
ESW-318,REQ-2-ESW-1550
ESW-317,REQ-2-ESW-1550
ESW-316,REQ-2-ESW-1550
ESW-315,REQ-2-ESW-1550
ESW-314,REQ-2-ESW-1550
ESW-313,REQ-2-ESW-1550
ESW-312,REQ-2-ESW-1550
ESW-311,REQ-2-ESW-1550
ESW-310,REQ-2-ESW-1550
ESW-309,REQ-2-ESW-1550
ESW-308,REQ-2-ESW-1550
ESW-307,REQ-2-ESW-1550
ESW-306,REQ-2-ESW-1550
ESW-305,REQ-2-ESW-1550
ESW-304,REQ-2-ESW-1550
ESW-303,
ESW-301,
ESW-300,
ESW-299,
ESW-298,
ESW-297,
ESW-296,
ESW-295,
ESW-294,
ESW-293,
ESW-292,
ESW-291,
ESW-290,REQ-2-ESW-1245
ESW-289,
ESW-288,
ESW-287,
ESW-286,
ESW-285,
ESW-284,
ESW-283,
ESW-282,
ESW-281,
ESW-280,
ESW-279,
ESW-278,
ESW-277,
ESW-276,
ESW-275,
ESW-274,
ESW-273,
ESW-272,
ESW-271,
ESW-270,
ESW-269,
ESW-268,
ESW-267,
ESW-266,
ESW-265,
ESW-264,
ESW-263,
ESW-262,
ESW-261,
ESW-260,
ESW-259,REQ-2-ESW-1550
ESW-258,REQ-2-ESW-1545
ESW-257,
ESW-256,
ESW-255,
ESW-254,REQ-2-ESW-1545
ESW-253,
ESW-252,
ESW-251,
ESW-250,REQ-2-ESW-1545
ESW-249,
ESW-248,
ESW-246,
ESW-245,
ESW-244,
ESW-243,
ESW-242,
ESW-241,
ESW-240,
ESW-239,
ESW-238,
ESW-237,
ESW-236,REQ-2-ESW-1235
ESW-235,REQ-2-ESW-1235
ESW-233,REQ-2-ESW-1545
ESW-232,
ESW-231,
ESW-230,REQ-2-ESW-1235
ESW-229,REQ-2-ESW-1235
ESW-228,
ESW-227,REQ-2-ESW-1235
ESW-226,REQ-2-ESW-1235
ESW-225,REQ-2-ESW-1235
ESW-224,
ESW-223,REQ-2-ESW-1545
ESW-222,
ESW-221,REQ-2-ESW-1310
ESW-220,REQ-2-ESW-1235
ESW-219,
ESW-218,
ESW-217,
ESW-216,
ESW-215,
ESW-214,
ESW-213,REQ-2-ESW-1365
ESW-212,
ESW-211,
ESW-210,
ESW-209,
ESW-208,
ESW-207,
ESW-206,
ESW-205,
ESW-204,
ESW-203,
ESW-202,REQ-2-ESW-1525
ESW-201,
ESW-200,
ESW-199,REQ-2-ESW-1550
ESW-198,REQ-2-ESW-1550
ESW-197, REQ-2-ESW-1345
ESW-196,REQ-2-ESW-1545
ESW-195,REQ-2-ESW-1235
ESW-194,
ESW-193,REQ-2-ESW-1545
ESW-192,REQ-2-ESW-1545
ESW-191,
ESW-190,REQ-2-ESW-1210
ESW-188,
ESW-186,
ESW-185,
ESW-184,
ESW-183,
ESW-182,REQ-2-ESW-3520
ESW-181,
ESW-180,REQ-2-ESW-3520
ESW-179,REQ-2-ESW-1270
ESW-178,REQ-2-ESW-1270
ESW-177,REQ-2-ESW-1270
ESW-176,REQ-2-ESW-1270
ESW-175,REQ-2-ESW-1373
ESW-174,REQ-2-ESW-1290
ESW-173,REQ-2-ESW-1285
ESW-172,REQ-2-ESW-1285
ESW-171,REQ-2-ESW-1285
ESW-170,REQ-2-ESW-1275
ESW-169,REQ-2-ESW-1275
ESW-168,REQ-2-ESW-1273
ESW-167,REQ-2-ESW-1270
ESW-166,REQ-2-ESW-1270
ESW-165,REQ-2-ESW-1270
ESW-164,REQ-2-ESW-1270
ESW-162,REQ-2-ESW-1267
ESW-161,REQ-2-ESW-1265
ESW-160,REQ-2-ESW-1265
ESW-159,REQ-2-ESW-1375
ESW-158,REQ-2-ESW-1370
ESW-157,REQ-2-ESW-1365
ESW-156,REQ-2-ESW-1350
ESW-155, REQ-2-ESW-1350
ESW-154,REQ-2-ESW-1310
ESW-153,REQ-2-ESW-1340
ESW-152,UC-2-ESW-0010
ESW-151,REQ-2-ESW-1330
ESW-150,REQ-2-ESW-1340
ESW-149,REQ-2-ESW-1320
ESW-148, REQ-2-ESW-1205
ESW-147,REQ-2-ESW-1325
ESW-146,REQ-2-ESW-1210
ESW-145,REQ-2-ESW-1210
ESW-144,REQ-2-ESW-1205
ESW-143,REQ-2-ESW-1201
ESW-142,
ESW-141,
ESW-140,REQ-2-ESW-1235
ESW-139,
ESW-138,REQ-2-ESW-1350
ESW-137,REQ-2-ESW-1350
ESW-136,REQ-2-ESW-1340
ESW-135,REQ-2-ESW-1245
ESW-134,REQ-2-ESW-1262
ESW-133,REQ-2-ESW-1258
ESW-132,REQ-2-ESW-1257
ESW-131,REQ-2-ESW-1250
ESW-130,REQ-2-ESW-1245
ESW-129,REQ-2-ESW-1245
ESW-128,REQ-2-ESW-1240
ESW-127,REQ-2-ESW-1235
ESW-126,REQ-2-ESW-1235
ESW-125,REQ-2-ESW-1235
ESW-124,REQ-2-ESW-1235
ESW-123,REQ-2-ESW-1235
ESW-122,REQ-2-ESW-1235
ESW-121,REQ-2-ESW-1235
ESW-120,REQ-2-ESW-1235
ESW-119,REQ-2-ESW-1205
ESW-118,REQ-2-ESW-1201
ESW-117,REQ-2-ESW-1305
ESW-116,REQ-2-ESW-1300
ESW-115,REQ-2-ESW-1295
ESW-114,
ESW-113,
ESW-112,
ESW-111,
ESW-110,
ESW-109,
ESW-108,REQ-2-ESW-1360
ESW-107,REQ-2-ESW-1355
ESW-106,REQ-2-ESW-1355
ESW-105,REQ-2-ESW-1350
ESW-104,REQ-2-ESW-1350
ESW-103,REQ-2-ESW-1310
ESW-102,REQ-2-ESW-1340
ESW-101,REQ-2-ESW-1545
ESW-100,REQ-2-ESW-1545
ESW-99,REQ-2-ESW-1555
ESW-98,REQ-2-ESW-1545
ESW-97,REQ-2-ESW-1505
ESW-96,REQ-2-ESW-1555
ESW-95,REQ-2-ESW-1555
ESW-94,REQ-2-ESW-1545
ESW-93,REQ-2-ESW-1545
ESW-92,REQ-2-ESW-1545
ESW-91,REQ-2-ESW-1545
ESW-90,
ESW-89,REQ-2-ESW-1245
ESW-88,REQ-2-ESW-1260
ESW-87,REQ-2-ESW-1255
ESW-86,REQ-2-ESW-1545
ESW-84,
ESW-83,
ESW-82,REQ-2-ESW-1230
ESW-81,REQ-2-ESW-1220
ESW-79,
ESW-78,
ESW-77,
ESW-65,
ESW-62,
ESW-61,
ESW-60,
ESW-59,
ESW-58,
ESW-57,
ESW-55,
ESW-51,
ESW-50,
ESW-49,
ESW-48,
ESW-47,
ESW-46,
ESW-45,
ESW-44,
ESW-43,
ESW-42,
ESW-41,
ESW-40,
ESW-39,
ESW-37,
ESW-36,
ESW-35,
ESW-34,
ESW-33,
ESW-32,
ESW-31,
ESW-30,
ESW-29,
ESW-28,
ESW-27,
ESW-26,
ESW-25,
ESW-24,
ESW-23,
ESW-22,
ESW-21,
ESW-20,
ESW-19,
ESW-18,
ESW-17,
ESW-16,
ESW-15,
ESW-14,
ESW-13,
ESW-12,
ESW-11,
ESW-10,
ESW-9,
ESW-8,
ESW-7,
ESW-6,
ESW-5,
ESW-4,
ESW-3,
ESW-2,
ESW-1,
